,RMSE,Fullcell,Halfcell Anode,Halfcell Cathode,Solution
0,512.2339971947343,LFP,"Graphite, Birkl2015","LCO, Doyle2003",[-1.34969759e-17  7.00000000e-01  6.93889390e-18  7.00000000e-01]
1,472.1018515716028,LFP,"Graphite, Birkl2015","LCO, Jiang2016",[-7.30318584e-20  7.00000000e-01  1.50000000e-04  7.00000000e-01]
2,471.9827827239276,LFP,"Graphite, Birkl2015","LCO, Kumaresan2008",[ 5.55111512e-17  7.00000000e-01 -5.20417043e-17  7.00000000e-01]
3,467.48514486644535,LFP,"Graphite, Birkl2015","LCO, Tang2019",[ 2.77555756e-17  7.00000000e-01 -6.07153217e-17  7.00000000e-01]
4,672.4090564601552,LFP,"Graphite, Birkl2015","LFP, Delacourt2011",[-5.55111512e-17  7.00000000e-01 -8.54704023e-17  7.00000000e-01]
5,672.4090564601552,LFP,"Graphite, Birkl2015","LFP, Farkhondeh2014",[-5.55111512e-17  7.00000000e-01 -8.54704023e-17  7.00000000e-01]
6,715.1704106436182,LFP,"Graphite, Birkl2015","LFP, Kashkooli2016",[0.00000000e+00 7.00000000e-01 1.58753187e-18 7.00000000e-01]
7,25.34369241254807,LFP,"Graphite, Birkl2015","LFP, Prada2012",[0.17704272 1.         0.04051194 1.        ]
8,41.518710853372134,LFP,"Graphite, Birkl2015","LFP, Srinivasan2004a",[ 2.88997158e-02  1.00000000e+00 -2.24256183e-20  1.00000000e+00]
9,672.4090564601552,LFP,"Graphite, Birkl2015","LFP, Thorat2011",[-5.55111512e-17  7.00000000e-01 -8.54704023e-17  7.00000000e-01]
10,487.8623534306333,LFP,"Graphite, Birkl2015","LMO, Albertus2009",[ 5.47109375e-03  7.00000000e-01 -1.92704542e-22  7.00000000e-01]
11,430.3894771572168,LFP,"Graphite, Birkl2015","LMO, Das2004",[0.00254141 0.7        0.         0.7       ]
12,550.4347006774827,LFP,"Graphite, Birkl2015","LMO, Doyle1996",[3.86398576e-17 7.00000000e-01 1.38777878e-17 7.00000000e-01]
13,616.6850902862758,LFP,"Graphite, Birkl2015","NCA, Abraham2008",[-1.00184344e-16  7.00000000e-01 -9.18576718e-17  7.00000000e-01]
14,269.2654675923411,LFP,"Graphite, Birkl2015","NCA, Albertus2009",[ 2.05705437e-02  7.00000000e-01 -6.09024252e-23  7.00000000e-01]
15,609.2769768435003,LFP,"Graphite, Birkl2015","NCA, Dees2008",[-1.11022302e-16  7.00000000e-01 -1.14491749e-16  7.00000000e-01]
16,190.16561018362688,LFP,"Graphite, Birkl2015","NCA, Hust2019",[1.45671438e-02 7.00000000e-01 4.33675700e-23 7.00000000e-01]
17,681.73942113353,LFP,"Graphite, Birkl2015","NCA, Kim2011",[-1.11022302e-16  7.00000000e-01 -9.05610924e-17  7.00000000e-01]
18,425.0773062571656,LFP,"Graphite, Birkl2015","NCO46, Ecker2015",[ 2.77555756e-17  7.00000000e-01 -7.71858701e-17  7.00000000e-01]
19,398.82848604554243,LFP,"Graphite, Birkl2015","NMC, Birkl2015",[ 2.77555756e-17  7.00000000e-01 -5.03069808e-17  7.00000000e-01]
20,279.2699844020243,LFP,"Graphite, Birkl2015","NMC, Dufour2018",[ 2.77555756e-17  7.00000000e-01 -7.28583860e-17  7.00000000e-01]
21,468.3369542450692,LFP,"Graphite, Birkl2015","NMC, Ferraro2020",[-6.35274710e-22  7.00000000e-01  4.99646145e-05  7.00000000e-01]
22,333.425125768697,LFP,"Graphite, Birkl2015","NMC, Liebig2019",[-2.77555756e-17  7.00000000e-01 -4.68375339e-17  7.00000000e-01]
23,672.4090564601552,LFP,"Graphite, Birkl2015","NMC, Smith2006",[-5.55111512e-17  7.00000000e-01 -8.54704023e-17  7.00000000e-01]
24,314.19500691167065,LFP,"Graphite, Birkl2015","NMC111, Ko2019",[ 5.55111512e-17  7.00000000e-01 -3.98986399e-17  7.00000000e-01]
25,252.59514904766493,LFP,"Graphite, Birkl2015","NMC111, Schmalstieg2018",[ 2.90015625e-02  7.00000000e-01 -1.23259516e-32  7.00000000e-01]
26,137.62122016422146,LFP,"Graphite, Birkl2015","NMC111, Wu2012",[0.01646261 0.7        0.22064853 0.7       ]
27,488.6961680598231,LFP,"Graphite, Birkl2015","NMC523, Verma2017",[ 0.00000000e+00  7.00000000e-01 -5.03069808e-17  7.00000000e-01]
28,352.3296170611301,LFP,"Graphite, Birkl2015","NMC622, Chaouachi2021",[-1.04083409e-16  7.00000000e-01 -1.14801402e-16  7.00000000e-01]
29,175.04230459067116,LFP,"Graphite, Birkl2015","NMC622, Gao2018",[0.16380205 0.7        0.00575941 0.7       ]
30,371.4130939105214,LFP,"Graphite, Birkl2015","NMC811, Chen2020",[-9.1562834e-17  7.0000000e-01 -9.1562834e-17  7.0000000e-01]
31,264.22589598729746,LFP,"Graphite, Birkl2015","NMC811, Sturm2019",[0.01680156 0.7        0.         0.7       ]
32,511.0627488594407,LFP,"Graphite, Chaouachi2021","LCO, Doyle2003",[-1.46367293e-17  7.00000000e-01 -1.46338257e-17  7.00000000e-01]
33,470.80981326555155,LFP,"Graphite, Chaouachi2021","LCO, Jiang2016",[-9.71445147e-17  7.00000000e-01 -8.02691198e-17  7.00000000e-01]
34,470.17235278349955,LFP,"Graphite, Chaouachi2021","LCO, Kumaresan2008",[-8.48641614e-17  7.00000000e-01 -8.58848106e-17  7.00000000e-01]
35,466.5864838297003,LFP,"Graphite, Chaouachi2021","LCO, Tang2019",[-3.44776291e-17  7.00000000e-01 -2.77555756e-17  7.00000000e-01]
36,671.3986562483287,LFP,"Graphite, Chaouachi2021","LFP, Delacourt2011",[-2.77555756e-16  7.00000000e-01 -2.22044605e-16  7.00000000e-01]
37,671.3986562483287,LFP,"Graphite, Chaouachi2021","LFP, Farkhondeh2014",[-2.77555756e-16  7.00000000e-01 -2.22044605e-16  7.00000000e-01]
38,714.5026985203731,LFP,"Graphite, Chaouachi2021","LFP, Kashkooli2016",[-2.77555756e-16  7.00000000e-01 -2.22044605e-16  7.00000000e-01]
39,24.365580710689986,LFP,"Graphite, Chaouachi2021","LFP, Prada2012",[0.13647152 0.74257316 0.04457591 1.        ]
40,16.773272019048154,LFP,"Graphite, Chaouachi2021","LFP, Srinivasan2004a",[0.00430338 1.         0.29998601 1.        ]
41,671.3986562483287,LFP,"Graphite, Chaouachi2021","LFP, Thorat2011",[-2.77555756e-16  7.00000000e-01 -2.22044605e-16  7.00000000e-01]
42,486.26700594202083,LFP,"Graphite, Chaouachi2021","LMO, Albertus2009",[-3.46944695e-22  7.00000000e-01  1.02020082e-03  7.00000000e-01]
43,429.1708963408347,LFP,"Graphite, Chaouachi2021","LMO, Das2004",[ 3.44140625e-04  7.00000000e-01 -8.17903558e-17  7.00000000e-01]
44,549.3353654990536,LFP,"Graphite, Chaouachi2021","LMO, Doyle1996",[-3.92983916e-17  7.00000000e-01  3.46944695e-17  7.00000000e-01]
45,615.9702971903153,LFP,"Graphite, Chaouachi2021","NCA, Abraham2008",[ 3.44140625e-04  7.00000000e-01 -8.61595563e-17  7.00000000e-01]
46,268.2474219256965,LFP,"Graphite, Chaouachi2021","NCA, Albertus2009",[ 1.75781250e-02  7.00000000e-01 -8.67361738e-23  7.00000000e-01]
47,608.6272128006647,LFP,"Graphite, Chaouachi2021","NCA, Dees2008",[-9.71445147e-17  7.00000000e-01 -1.16812117e-16  7.00000000e-01]
48,190.24229623680571,LFP,"Graphite, Chaouachi2021","NCA, Hust2019",[ 1.28953125e-02  7.00000000e-01 -3.67816508e-35  7.00000000e-01]
49,681.0173865070258,LFP,"Graphite, Chaouachi2021","NCA, Kim2011",[-1.66533454e-16  7.00000000e-01 -1.11022302e-16  7.00000000e-01]
50,424.01030255273986,LFP,"Graphite, Chaouachi2021","NCO46, Ecker2015",[-1.38777878e-16  7.00000000e-01 -9.84955827e-17  7.00000000e-01]
51,397.56254052362203,LFP,"Graphite, Chaouachi2021","NMC, Birkl2015",[-1.11022302e-16  7.00000000e-01 -8.89191323e-17  7.00000000e-01]
52,278.02206239098246,LFP,"Graphite, Chaouachi2021","NMC, Dufour2018",[-5.33879107e-18  7.00000000e-01 -3.07994957e-18  7.00000000e-01]
53,467.0313669617094,LFP,"Graphite, Chaouachi2021","NMC, Ferraro2020",[-1.52655666e-16  7.00000000e-01 -1.33655023e-16  7.00000000e-01]
54,332.4568784210854,LFP,"Graphite, Chaouachi2021","NMC, Liebig2019",[-1.11022302e-16  7.00000000e-01 -8.69552478e-17  7.00000000e-01]
55,671.3986562483287,LFP,"Graphite, Chaouachi2021","NMC, Smith2006",[-2.77555756e-16  7.00000000e-01 -2.22044605e-16  7.00000000e-01]
56,313.275580083283,LFP,"Graphite, Chaouachi2021","NMC111, Ko2019",[-4.37763367e-17  7.00000000e-01 -4.07771885e-17  7.00000000e-01]
57,251.97816161220592,LFP,"Graphite, Chaouachi2021","NMC111, Schmalstieg2018",[ 2.69418576e-02  7.00000000e-01 -6.28644568e-24  7.00000000e-01]
58,137.09210010880506,LFP,"Graphite, Chaouachi2021","NMC111, Wu2012",[0.01272502 0.7        0.22719028 0.7       ]
59,487.84656178172503,LFP,"Graphite, Chaouachi2021","NMC523, Verma2017",[-4.36480188e-20  7.00000000e-01 -2.16840434e-19  7.00000000e-01]
60,351.51977747263504,LFP,"Graphite, Chaouachi2021","NMC622, Chaouachi2021",[-9.49067509e-17  7.00000000e-01 -7.73623261e-17  7.00000000e-01]
61,175.70606053424385,LFP,"Graphite, Chaouachi2021","NMC622, Gao2018",[0.14732338 0.7        0.00769388 0.7       ]
62,370.7465384970741,LFP,"Graphite, Chaouachi2021","NMC811, Chen2020",[-2.22044605e-16  7.00000000e-01 -2.23688327e-16  7.00000000e-01]
63,263.21800080285374,LFP,"Graphite, Chaouachi2021","NMC811, Sturm2019",[ 1.53677243e-02  7.00000000e-01 -6.12363327e-21  7.00000000e-01]
64,486.2191650211529,LFP,"Graphite, Dufour2018","LCO, Doyle2003",[-1.66533454e-16  7.00000000e-01 -1.40078921e-16  7.00000000e-01]
65,446.864668462408,LFP,"Graphite, Dufour2018","LCO, Jiang2016",[ 7.74098113e-19  7.00000000e-01 -3.59824521e-18  7.00000000e-01]
66,442.3049632614564,LFP,"Graphite, Dufour2018","LCO, Kumaresan2008",[ 5.55111512e-17  7.00000000e-01 -5.20417043e-17  7.00000000e-01]
67,449.6727603367316,LFP,"Graphite, Dufour2018","LCO, Tang2019",[ 5.55111512e-17  7.00000000e-01 -5.03069808e-17  7.00000000e-01]
68,645.2481504627467,LFP,"Graphite, Dufour2018","LFP, Delacourt2011",[-1.94289029e-16  7.00000000e-01 -2.22044605e-16  7.00000000e-01]
69,645.2481504627467,LFP,"Graphite, Dufour2018","LFP, Farkhondeh2014",[-1.94289029e-16  7.00000000e-01 -2.22044605e-16  7.00000000e-01]
70,692.851445058815,LFP,"Graphite, Dufour2018","LFP, Kashkooli2016",[-8.32667268e-17  7.00000000e-01 -7.80625564e-17  7.00000000e-01]
71,32.8212936157969,LFP,"Graphite, Dufour2018","LFP, Prada2012",[0.2        1.         0.04303097 1.        ]
72,47.7771973609519,LFP,"Graphite, Dufour2018","LFP, Srinivasan2004a",[-4.81482486e-35  1.00000000e+00  2.67464847e-01  1.00000000e+00]
73,645.2481504627467,LFP,"Graphite, Dufour2018","LFP, Thorat2011",[-1.94289029e-16  7.00000000e-01 -2.22044605e-16  7.00000000e-01]
74,454.1875458021438,LFP,"Graphite, Dufour2018","LMO, Albertus2009",[-6.93889390e-17  7.00000000e-01 -8.51895776e-17  7.00000000e-01]
75,398.9314432402932,LFP,"Graphite, Dufour2018","LMO, Das2004",[-5.67037736e-17  7.00000000e-01 -7.33325005e-17  7.00000000e-01]
76,523.9203870586025,LFP,"Graphite, Dufour2018","LMO, Doyle1996",[-1.38777878e-17  7.00000000e-01 -6.17995238e-18  7.00000000e-01]
77,588.0268284364694,LFP,"Graphite, Dufour2018","NCA, Abraham2008",[-8.90279708e-17  7.00000000e-01 -8.79871368e-17  7.00000000e-01]
78,236.23501350924576,LFP,"Graphite, Dufour2018","NCA, Albertus2009",[ 2.72968750e-03  7.00000000e-01 -1.10031626e-21  7.00000000e-01]
79,588.3235983609709,LFP,"Graphite, Dufour2018","NCA, Dees2008",[-6.93889390e-17  7.00000000e-01 -1.11022302e-16  7.00000000e-01]
80,160.99679165518774,LFP,"Graphite, Dufour2018","NCA, Hust2019",[-1.19332004e-17  7.00000000e-01 -1.19262239e-17  7.00000000e-01]
81,659.3791990960082,LFP,"Graphite, Dufour2018","NCA, Kim2011",[ 0.00000000e+00  7.00000000e-01 -2.60208521e-18  7.00000000e-01]
82,396.71713037876157,LFP,"Graphite, Dufour2018","NCO46, Ecker2015",[ 0.0000000e+00  7.0000000e-01 -8.3056361e-17  7.0000000e-01]
83,371.26471037449585,LFP,"Graphite, Dufour2018","NMC, Birkl2015",[ 0.00000000e+00  7.00000000e-01 -5.89805982e-17  7.00000000e-01]
84,253.45722780645175,LFP,"Graphite, Dufour2018","NMC, Dufour2018",[ 2.77555756e-17  7.00000000e-01 -5.72458747e-17  7.00000000e-01]
85,443.18590533555397,LFP,"Graphite, Dufour2018","NMC, Ferraro2020",[5.69512553e-20 7.00000000e-01 3.62511396e-20 7.00000000e-01]
86,311.55990413173026,LFP,"Graphite, Dufour2018","NMC, Liebig2019",[-2.77555756e-17  7.00000000e-01 -4.68375339e-17  7.00000000e-01]
87,645.2481504627467,LFP,"Graphite, Dufour2018","NMC, Smith2006",[-1.94289029e-16  7.00000000e-01 -2.22044605e-16  7.00000000e-01]
88,295.62908335807475,LFP,"Graphite, Dufour2018","NMC111, Ko2019",[-2.77555756e-17  7.00000000e-01 -5.37764278e-17  7.00000000e-01]
89,220.62574651163902,LFP,"Graphite, Dufour2018","NMC111, Schmalstieg2018",[0.00828381 0.7        0.00256916 0.7       ]
90,106.68469429937717,LFP,"Graphite, Dufour2018","NMC111, Wu2012",[-2.71050543e-20  7.00000000e-01  2.32617187e-01  7.00000000e-01]
91,469.975153023211,LFP,"Graphite, Dufour2018","NMC523, Verma2017",[ 2.77555756e-17  7.00000000e-01 -6.41847686e-17  7.00000000e-01]
92,327.10529020628803,LFP,"Graphite, Dufour2018","NMC622, Chaouachi2021",[-8.32667268e-17  7.00000000e-01 -9.36208576e-17  7.00000000e-01]
93,145.13349096718724,LFP,"Graphite, Dufour2018","NMC622, Gao2018",[0.16277505 0.7        0.01079907 0.7       ]
94,344.7821941760466,LFP,"Graphite, Dufour2018","NMC811, Chen2020",[-8.06061419e-17  7.00000000e-01 -8.06061419e-17  7.00000000e-01]
95,230.9324115364948,LFP,"Graphite, Dufour2018","NMC811, Sturm2019",[-9.71445147e-17  7.00000000e-01 -8.40256684e-17  7.00000000e-01]
96,491.468434714477,LFP,"Graphite, Ecker2015","LCO, Doyle2003",[0.00257986 0.7        0.00268393 0.7       ]
97,450.54622011789166,LFP,"Graphite, Ecker2015","LCO, Jiang2016",[2.86765758e-04 7.00000000e-01 1.64604266e-02 7.00000000e-01]
98,453.7025135166728,LFP,"Graphite, Ecker2015","LCO, Kumaresan2008",[ 3.71796875e-03  7.00000000e-01 -4.57761395e-22  7.00000000e-01]
99,441.848116477441,LFP,"Graphite, Ecker2015","LCO, Tang2019",[ 2.50000000e-04  7.00000000e-01 -5.89805982e-17  7.00000000e-01]
100,654.4668455566464,LFP,"Graphite, Ecker2015","LFP, Delacourt2011",[0.00341797 0.7        0.         0.7       ]
101,654.4668455566464,LFP,"Graphite, Ecker2015","LFP, Farkhondeh2014",[0.00341797 0.7        0.         0.7       ]
102,694.606410963404,LFP,"Graphite, Ecker2015","LFP, Kashkooli2016",[-6.93889390e-17  7.00000000e-01 -7.47963974e-17  7.00000000e-01]
103,19.6482858998976,LFP,"Graphite, Ecker2015","LFP, Prada2012",[0.16951406 1.         0.04488724 1.        ]
104,20.6743083552794,LFP,"Graphite, Ecker2015","LFP, Srinivasan2004a",[0.01222352 1.         0.3        1.        ]
105,654.4668455566464,LFP,"Graphite, Ecker2015","LFP, Thorat2011",[0.00341797 0.7        0.         0.7       ]
106,469.00664110524593,LFP,"Graphite, Ecker2015","LMO, Albertus2009",[0.0069034  0.7        0.00208644 0.7       ]
107,414.7245515457794,LFP,"Graphite, Ecker2015","LMO, Das2004",[8.39208347e-03 7.00000000e-01 1.73472348e-22 7.00000000e-01]
108,530.4765107751937,LFP,"Graphite, Ecker2015","LMO, Doyle1996",[0.00299979 0.7        0.00133494 0.7       ]
109,603.0063011866947,LFP,"Graphite, Ecker2015","NCA, Abraham2008",[ 2.82968750e-03  7.00000000e-01 -6.27522143e-36  7.00000000e-01]
110,256.5106089380583,LFP,"Graphite, Ecker2015","NCA, Albertus2009",[ 3.53050781e-02  7.00000000e-01 -3.74369826e-35  7.00000000e-01]
111,586.4314645142582,LFP,"Graphite, Ecker2015","NCA, Dees2008",[-6.90641619e-17  7.00000000e-01  2.46519033e-32  7.00000000e-01]
112,181.99572567038018,LFP,"Graphite, Ecker2015","NCA, Hust2019",[ 3.11500000e-02  7.00000000e-01 -9.61893266e-23  7.00000000e-01]
113,661.1298746120445,LFP,"Graphite, Ecker2015","NCA, Kim2011",[4.4140625e-05 7.0000000e-01 0.0000000e+00 7.0000000e-01]
114,409.46721819114236,LFP,"Graphite, Ecker2015","NCO46, Ecker2015",[ 3.90625000e-03  7.00000000e-01 -9.94386296e-20  7.00000000e-01]
115,382.1815326886406,LFP,"Graphite, Ecker2015","NMC, Birkl2015",[ 3.37382812e-03  7.00000000e-01 -9.24883788e-20  7.00000000e-01]
116,262.01521150058693,LFP,"Graphite, Ecker2015","NMC, Dufour2018",[3.70625000e-03 7.00000000e-01 1.55258366e-35 7.00000000e-01]
117,446.6500703181639,LFP,"Graphite, Ecker2015","NMC, Ferraro2020",[2.40002632e-04 7.00000000e-01 1.74862827e-02 7.00000000e-01]
118,313.39244765308865,LFP,"Graphite, Ecker2015","NMC, Liebig2019",[0.00175313 0.7        0.         0.7       ]
119,654.4668455566464,LFP,"Graphite, Ecker2015","NMC, Smith2006",[0.00341797 0.7        0.         0.7       ]
120,291.8367539993219,LFP,"Graphite, Ecker2015","NMC111, Ko2019",[ 1.46484375e-03  7.00000000e-01 -1.23259516e-32  7.00000000e-01]
121,239.2933041063044,LFP,"Graphite, Ecker2015","NMC111, Schmalstieg2018",[5.07927948e-02 7.00000000e-01 5.42099422e-24 7.00000000e-01]
122,126.65405878011515,LFP,"Graphite, Ecker2015","NMC111, Wu2012",[0.01912028 0.7        0.24738965 0.7       ]
123,463.7317418850168,LFP,"Graphite, Ecker2015","NMC523, Verma2017",[3.5e-04 7.0e-01 0.0e+00 7.0e-01]
124,334.861264579887,LFP,"Graphite, Ecker2015","NMC622, Chaouachi2021",[2.68554688e-03 7.00000000e-01 5.06031656e-22 7.00000000e-01]
125,165.33665809868614,LFP,"Graphite, Ecker2015","NMC622, Gao2018",[0.09902335 0.7        0.01582853 0.7       ]
126,355.7770360618536,LFP,"Graphite, Ecker2015","NMC811, Chen2020",[0.00331797 0.7        0.         0.7       ]
127,250.34057883135767,LFP,"Graphite, Ecker2015","NMC811, Sturm2019",[0.02133051 0.7        0.00142958 0.7       ]
128,535.2413626057404,LFP,"Graphite, Hust2019","LCO, Doyle2003",[-4.33680869e-17  7.00000000e-01  1.73472348e-17  7.00000000e-01]
129,495.6804439100241,LFP,"Graphite, Hust2019","LCO, Jiang2016",[-1.11022302e-16  7.00000000e-01 -1.10263361e-16  7.00000000e-01]
130,491.70950702821324,LFP,"Graphite, Hust2019","LCO, Kumaresan2008",[ 0.00000000e+00  7.00000000e-01 -5.37764278e-17  7.00000000e-01]
131,497.42293088488805,LFP,"Graphite, Hust2019","LCO, Tang2019",[ 2.77555756e-17  7.00000000e-01 -4.85722573e-17  7.00000000e-01]
132,693.0787286173548,LFP,"Graphite, Hust2019","LFP, Delacourt2011",[-1.66043478e-16  7.00000000e-01 -1.63064007e-16  7.00000000e-01]
133,693.0787286173548,LFP,"Graphite, Hust2019","LFP, Farkhondeh2014",[-1.66043478e-16  7.00000000e-01 -1.63064007e-16  7.00000000e-01]
134,740.0255015344383,LFP,"Graphite, Hust2019","LFP, Kashkooli2016",[-1.24900090e-16  7.00000000e-01 -1.25767452e-16  7.00000000e-01]
135,29.136436199127964,LFP,"Graphite, Hust2019","LFP, Prada2012",[0.1879676  0.70323394 0.03823762 1.        ]
136,31.916659536887785,LFP,"Graphite, Hust2019","LFP, Srinivasan2004a",[-8.67198234e-20  7.54313006e-01  2.30334433e-01  1.00000000e+00]
137,693.0787286173548,LFP,"Graphite, Hust2019","LFP, Thorat2011",[-1.66043478e-16  7.00000000e-01 -1.63064007e-16  7.00000000e-01]
138,503.9290763231914,LFP,"Graphite, Hust2019","LMO, Albertus2009",[-9.02056208e-17  7.00000000e-01 -8.19513510e-17  7.00000000e-01]
139,447.51999878307885,LFP,"Graphite, Hust2019","LMO, Das2004",[-9.43689571e-17  7.00000000e-01 -1.14241317e-16  7.00000000e-01]
140,572.867230244189,LFP,"Graphite, Hust2019","LMO, Doyle1996",[ 0.00000000e+00  7.00000000e-01 -1.28369537e-16  7.00000000e-01]
141,634.2664888474429,LFP,"Graphite, Hust2019","NCA, Abraham2008",[-8.32667268e-17  7.00000000e-01 -8.32667268e-17  7.00000000e-01]
142,282.72142638251074,LFP,"Graphite, Hust2019","NCA, Albertus2009",[1.95312500e-03 7.00000000e-01 6.55995922e-24 7.00000000e-01]
143,636.4526207947303,LFP,"Graphite, Hust2019","NCA, Dees2008",[ 0.00000000e+00  7.00000000e-01 -1.07552856e-16  7.00000000e-01]
144,202.96025415557628,LFP,"Graphite, Hust2019","NCA, Hust2019",[-6.93889390e-17  7.00000000e-01 -6.36185821e-17  7.00000000e-01]
145,706.7188673203134,LFP,"Graphite, Hust2019","NCA, Kim2011",[ 0.00000000e+00  7.00000000e-01 -1.73472348e-18  7.00000000e-01]
146,444.6839140230806,LFP,"Graphite, Hust2019","NCO46, Ecker2015",[ 8.32667268e-17  7.00000000e-01 -8.60227421e-17  7.00000000e-01]
147,419.6433095141242,LFP,"Graphite, Hust2019","NMC, Birkl2015",[ 2.77555756e-17  7.00000000e-01 -7.45931095e-17  7.00000000e-01]
148,301.96741965838436,LFP,"Graphite, Hust2019","NMC, Dufour2018",[ 5.55111512e-17  7.00000000e-01 -6.07153217e-17  7.00000000e-01]
149,491.96188891440755,LFP,"Graphite, Hust2019","NMC, Ferraro2020",[ 4.16333634e-17  7.00000000e-01 -8.41340886e-17  7.00000000e-01]
150,359.79849680654496,LFP,"Graphite, Hust2019","NMC, Liebig2019",[ 2.77555756e-17  7.00000000e-01 -5.89805982e-17  7.00000000e-01]
151,693.0787286173548,LFP,"Graphite, Hust2019","NMC, Smith2006",[-1.66043478e-16  7.00000000e-01 -1.63064007e-16  7.00000000e-01]
152,343.27626177549286,LFP,"Graphite, Hust2019","NMC111, Ko2019",[ 2.77555756e-17  7.00000000e-01 -4.68375339e-17  7.00000000e-01]
153,265.6543570517837,LFP,"Graphite, Hust2019","NMC111, Schmalstieg2018",[0.00936664 0.7        0.         0.7       ]
154,150.0018663619112,LFP,"Graphite, Hust2019","NMC111, Wu2012",[0.0010748 0.7       0.2090972 0.7      ]
155,518.0248358517558,LFP,"Graphite, Hust2019","NMC523, Verma2017",[ 2.77555756e-17  7.00000000e-01 -5.37764278e-17  7.00000000e-01]
156,375.48959621881795,LFP,"Graphite, Hust2019","NMC622, Chaouachi2021",[-8.67361738e-17  7.00000000e-01 -8.35648824e-17  7.00000000e-01]
157,188.26925780543195,LFP,"Graphite, Hust2019","NMC622, Gao2018",[0.12329224 0.7        0.00577421 0.7       ]
158,392.4284450275,LFP,"Graphite, Hust2019","NMC811, Chen2020",[-2.07172914e-16  7.00000000e-01 -2.07172914e-16  7.00000000e-01]
159,278.34058082064433,LFP,"Graphite, Hust2019","NMC811, Sturm2019",[-1.11022302e-16  7.00000000e-01 -8.59892887e-17  7.00000000e-01]
160,507.6384627737689,LFP,"Graphite, Kumaresan2008","LCO, Doyle2003",[ 1.05845237e-17  7.00000000e-01 -6.93889390e-18  7.00000000e-01]
161,467.4400758549504,LFP,"Graphite, Kumaresan2008","LCO, Jiang2016",[-5.96311195e-19  7.00000000e-01 -1.09287579e-16  7.00000000e-01]
162,467.67134830435594,LFP,"Graphite, Kumaresan2008","LCO, Kumaresan2008",[2.e-04 7.e-01 0.e+00 7.e-01]
163,464.12664675096846,LFP,"Graphite, Kumaresan2008","LCO, Tang2019",[ 0.00000000e+00  7.00000000e-01 -8.67361738e-17  7.00000000e-01]
164,668.1442841179237,LFP,"Graphite, Kumaresan2008","LFP, Delacourt2011",[ 0.00000000e+00  7.00000000e-01 -7.30468134e-17  7.00000000e-01]
165,668.1442841179237,LFP,"Graphite, Kumaresan2008","LFP, Farkhondeh2014",[ 0.00000000e+00  7.00000000e-01 -7.30468134e-17  7.00000000e-01]
166,711.8641735866242,LFP,"Graphite, Kumaresan2008","LFP, Kashkooli2016",[-8.32667268e-17  7.00000000e-01 -7.18826040e-17  7.00000000e-01]
167,19.71112489442696,LFP,"Graphite, Kumaresan2008","LFP, Prada2012",[0.11177094 1.         0.04540403 1.        ]
168,11.27015362231758,LFP,"Graphite, Kumaresan2008","LFP, Srinivasan2004a",[0.00547109 1.         0.3        1.        ]
169,668.1442841179237,LFP,"Graphite, Kumaresan2008","LFP, Thorat2011",[ 0.00000000e+00  7.00000000e-01 -7.30468134e-17  7.00000000e-01]
170,483.0783180168359,LFP,"Graphite, Kumaresan2008","LMO, Albertus2009",[-2.81241408e-23  7.00000000e-01  6.88195136e-04  7.00000000e-01]
171,426.3119820384193,LFP,"Graphite, Kumaresan2008","LMO, Das2004",[1.36484375e-03 7.00000000e-01 2.46519033e-32 7.00000000e-01]
172,545.9163999835995,LFP,"Graphite, Kumaresan2008","LMO, Doyle1996",[-3.67706936e-17  7.00000000e-01  2.77555756e-17  7.00000000e-01]
173,613.2478140240212,LFP,"Graphite, Kumaresan2008","NCA, Abraham2008",[0.00126484 0.7        0.         0.7       ]
174,265.98448590353274,LFP,"Graphite, Kumaresan2008","NCA, Albertus2009",[0.02384374 0.7        0.         0.7       ]
175,605.9448263701643,LFP,"Graphite, Kumaresan2008","NCA, Dees2008",[ 0.00000000e+00  7.00000000e-01 -5.01441167e-18  7.00000000e-01]
176,188.90635293067078,LFP,"Graphite, Kumaresan2008","NCA, Hust2019",[0.02128245 0.7        0.01880466 0.7       ]
177,678.3734409350028,LFP,"Graphite, Kumaresan2008","NCA, Kim2011",[-1.24900090e-16  7.00000000e-01 -1.33031607e-16  7.00000000e-01]
178,421.3949976188971,LFP,"Graphite, Kumaresan2008","NCO46, Ecker2015",[ 4.83912353e-04  7.00000000e-01 -6.71763179e-21  7.00000000e-01]
179,395.20441110656344,LFP,"Graphite, Kumaresan2008","NMC, Birkl2015",[ 4.66033334e-04  7.00000000e-01 -1.41499294e-22  7.00000000e-01]
180,275.32343192987724,LFP,"Graphite, Kumaresan2008","NMC, Dufour2018",[ 2.88281250e-04  7.00000000e-01 -3.66126216e-32  7.00000000e-01]
181,463.67098136410914,LFP,"Graphite, Kumaresan2008","NMC, Ferraro2020",[-8.32667268e-17  7.00000000e-01 -6.54603700e-17  7.00000000e-01]
182,329.83966782109906,LFP,"Graphite, Kumaresan2008","NMC, Liebig2019",[ 5.55111512e-17  7.00000000e-01 -5.72458747e-17  7.00000000e-01]
183,668.1442841179237,LFP,"Graphite, Kumaresan2008","NMC, Smith2006",[ 0.00000000e+00  7.00000000e-01 -7.30468134e-17  7.00000000e-01]
184,310.7862730108767,LFP,"Graphite, Kumaresan2008","NMC111, Ko2019",[ 2.77555756e-17  7.00000000e-01 -4.68375339e-17  7.00000000e-01]
185,248.94000585732837,LFP,"Graphite, Kumaresan2008","NMC111, Schmalstieg2018",[ 3.35960938e-02  7.00000000e-01 -2.79438376e-32  7.00000000e-01]
186,135.589395977425,LFP,"Graphite, Kumaresan2008","NMC111, Wu2012",[0.00901658 0.7        0.23670244 0.7       ]
187,485.29587778223714,LFP,"Graphite, Kumaresan2008","NMC523, Verma2017",[ 5.55111512e-17  7.00000000e-01 -5.55111512e-17  7.00000000e-01]
188,348.59361381735425,LFP,"Graphite, Kumaresan2008","NMC622, Chaouachi2021",[ 2.49786058e-04  7.00000000e-01 -1.41036238e-21  7.00000000e-01]
189,171.89751258058834,LFP,"Graphite, Kumaresan2008","NMC622, Gao2018",[0.12556186 0.7        0.00973883 0.7       ]
190,367.64548079147386,LFP,"Graphite, Kumaresan2008","NMC811, Chen2020",[ 1.66210937e-04  7.00000000e-01 -2.84363851e-23  7.00000000e-01]
191,260.4547938234928,LFP,"Graphite, Kumaresan2008","NMC811, Sturm2019",[ 1.20225779e-02  7.00000000e-01 -1.50463277e-36  7.00000000e-01]
192,513.1420588709547,LFP,"Graphite, Li2012","LCO, Doyle2003",[ 6.88281250e-04  7.00000000e-01 -4.25611258e-34  7.00000000e-01]
193,472.7504414043589,LFP,"Graphite, Li2012","LCO, Jiang2016",[5.32421875e-04 7.00000000e-01 0.00000000e+00 7.00000000e-01]
194,469.04396283799514,LFP,"Graphite, Li2012","LCO, Kumaresan2008",[ 2.49827112e-04  7.00000000e-01 -5.20417043e-22  7.00000000e-01]
195,467.7441271149218,LFP,"Graphite, Li2012","LCO, Tang2019",[ 2.77555756e-17  7.00000000e-01 -5.72458747e-17  7.00000000e-01]
196,673.9452652973406,LFP,"Graphite, Li2012","LFP, Delacourt2011",[4.88281250e-04 7.00000000e-01 2.57640044e-23 7.00000000e-01]
197,673.9452652973406,LFP,"Graphite, Li2012","LFP, Farkhondeh2014",[4.88281250e-04 7.00000000e-01 2.57640044e-23 7.00000000e-01]
198,716.5402949288184,LFP,"Graphite, Li2012","LFP, Kashkooli2016",[-2.77555756e-16  7.00000000e-01 -2.22044605e-16  7.00000000e-01]
199,24.08548802828054,LFP,"Graphite, Li2012","LFP, Prada2012",[0.00138941 0.87372642 0.3        1.        ]
200,20.08861124809862,LFP,"Graphite, Li2012","LFP, Srinivasan2004a",[0.00206437 0.99990653 0.29987649 0.99990918]
201,673.9452652973406,LFP,"Graphite, Li2012","LFP, Thorat2011",[4.88281250e-04 7.00000000e-01 2.57640044e-23 7.00000000e-01]
202,483.840948547512,LFP,"Graphite, Li2012","LMO, Albertus2009",[ 4.59453125e-03  7.00000000e-01 -1.06482714e-22  7.00000000e-01]
203,427.6993608813123,LFP,"Graphite, Li2012","LMO, Das2004",[1.16346087e-03 7.00000000e-01 2.39300920e-22 7.00000000e-01]
204,551.523797618501,LFP,"Graphite, Li2012","LMO, Doyle1996",[6.8828125e-04 7.0000000e-01 0.0000000e+00 7.0000000e-01]
205,614.4903260930827,LFP,"Graphite, Li2012","NCA, Abraham2008",[-1.16982706e-16  7.00000000e-01 -1.16982706e-16  7.00000000e-01]
206,267.58752537976665,LFP,"Graphite, Li2012","NCA, Albertus2009",[ 1.00674470e-02  7.00000000e-01 -4.04511297e-24  7.00000000e-01]
207,610.2442700890637,LFP,"Graphite, Li2012","NCA, Dees2008",[-5.58364119e-17  7.00000000e-01  1.27754340e-18  7.00000000e-01]
208,189.88821636884393,LFP,"Graphite, Li2012","NCA, Hust2019",[5.07636028e-03 7.00000000e-01 7.88446817e-05 7.00000000e-01]
209,683.0257185142798,LFP,"Graphite, Li2012","NCA, Kim2011",[-1.66533454e-16  7.00000000e-01 -1.12410081e-16  7.00000000e-01]
210,423.7037244511289,LFP,"Graphite, Li2012","NCO46, Ecker2015",[ 0.00000000e+00  7.00000000e-01 -8.11912772e-17  7.00000000e-01]
211,397.13697073954114,LFP,"Graphite, Li2012","NMC, Birkl2015",[-9.71445147e-17  7.00000000e-01 -9.82023045e-17  7.00000000e-01]
212,278.08417630016237,LFP,"Graphite, Li2012","NMC, Dufour2018",[ 2.77555756e-17  7.00000000e-01 -8.06519770e-17  7.00000000e-01]
213,468.9513156673331,LFP,"Graphite, Li2012","NMC, Ferraro2020",[5.32421875e-04 7.00000000e-01 4.70905557e-22 7.00000000e-01]
214,333.3548799145826,LFP,"Graphite, Li2012","NMC, Liebig2019",[-8.67361738e-17  7.00000000e-01 -8.53019798e-17  7.00000000e-01]
215,673.9452652973406,LFP,"Graphite, Li2012","NMC, Smith2006",[4.88281250e-04 7.00000000e-01 2.57640044e-23 7.00000000e-01]
216,314.31402641199054,LFP,"Graphite, Li2012","NMC111, Ko2019",[ 0.00000000e+00  7.00000000e-01 -6.41847686e-17  7.00000000e-01]
217,250.12005246677484,LFP,"Graphite, Li2012","NMC111, Schmalstieg2018",[1.60509989e-02 7.00000000e-01 6.75320412e-04 7.00000000e-01]
218,135.39464920866385,LFP,"Graphite, Li2012","NMC111, Wu2012",[0.00448406 0.7        0.23316451 0.7       ]
219,489.1184502863325,LFP,"Graphite, Li2012","NMC523, Verma2017",[ 0.00000000e+00  7.00000000e-01 -6.59194921e-17  7.00000000e-01]
220,351.84133072481285,LFP,"Graphite, Li2012","NMC622, Chaouachi2021",[-8.32736269e-17  7.00000000e-01 -8.32736269e-17  7.00000000e-01]
221,176.21175641621167,LFP,"Graphite, Li2012","NMC622, Gao2018",[0.09267614 0.7        0.01339474 0.7       ]
222,371.3185151644777,LFP,"Graphite, Li2012","NMC811, Chen2020",[-6.40268969e-17  7.00000000e-01 -8.16585397e-17  7.00000000e-01]
223,262.42085839543665,LFP,"Graphite, Li2012","NMC811, Sturm2019",[0.00844492 0.7        0.         0.7       ]
224,485.0283398124583,LFP,"Graphite, Liebig2019","LCO, Doyle2003",[ 7.37907012e-17  7.00000000e-01 -5.20417043e-17  7.00000000e-01]
225,443.91372333880463,LFP,"Graphite, Liebig2019","LCO, Jiang2016",[ 0.00000000e+00  7.00000000e-01 -3.41026238e-18  7.00000000e-01]
226,448.0833526964563,LFP,"Graphite, Liebig2019","LCO, Kumaresan2008",[ 2.77555756e-17  7.00000000e-01 -5.89805982e-17  7.00000000e-01]
227,439.73461508990334,LFP,"Graphite, Liebig2019","LCO, Tang2019",[ 0.00000000e+00  7.00000000e-01 -6.41847686e-17  7.00000000e-01]
228,648.6593526958249,LFP,"Graphite, Liebig2019","LFP, Delacourt2011",[-1.94289029e-16  7.00000000e-01 -1.99840144e-16  7.00000000e-01]
229,648.6593526958249,LFP,"Graphite, Liebig2019","LFP, Farkhondeh2014",[-1.94289029e-16  7.00000000e-01 -1.99840144e-16  7.00000000e-01]
230,692.249503627256,LFP,"Graphite, Liebig2019","LFP, Kashkooli2016",[-1.24900090e-16  7.00000000e-01 -1.25066652e-16  7.00000000e-01]
231,21.975454287041657,LFP,"Graphite, Liebig2019","LFP, Prada2012",[0.18380764 0.99671807 0.04544846 1.        ]
232,27.87681129333367,LFP,"Graphite, Liebig2019","LFP, Srinivasan2004a",[0.01068464 1.         0.3        1.        ]
233,648.6593526958249,LFP,"Graphite, Liebig2019","LFP, Thorat2011",[-1.94289029e-16  7.00000000e-01 -1.99840144e-16  7.00000000e-01]
234,462.92454735395904,LFP,"Graphite, Liebig2019","LMO, Albertus2009",[0.         0.7        0.00419093 0.7       ]
235,410.10923097381624,LFP,"Graphite, Liebig2019","LMO, Das2004",[3.07137435e-03 7.00000000e-01 2.40741243e-34 7.00000000e-01]
236,524.1349204168337,LFP,"Graphite, Liebig2019","LMO, Doyle1996",[-3.06116538e-17  7.00000000e-01  2.77555756e-17  7.00000000e-01]
237,599.336379193006,LFP,"Graphite, Liebig2019","NCA, Abraham2008",[-6.93889390e-17  7.00000000e-01 -8.33090522e-17  7.00000000e-01]
238,252.54160289096345,LFP,"Graphite, Liebig2019","NCA, Albertus2009",[0.03771139 0.7        0.         0.7       ]
239,584.3478716178058,LFP,"Graphite, Liebig2019","NCA, Dees2008",[-6.93889390e-17  7.00000000e-01 -1.07552856e-16  7.00000000e-01]
240,178.9113225360593,LFP,"Graphite, Liebig2019","NCA, Hust2019",[ 3.69140625e-02  7.00000000e-01 -1.94611192e-21  7.00000000e-01]
241,658.482968200245,LFP,"Graphite, Liebig2019","NCA, Kim2011",[-1.93161217e-18  7.00000000e-01  5.82681222e-19  7.00000000e-01]
242,404.8335994281283,LFP,"Graphite, Liebig2019","NCO46, Ecker2015",[ 2.77555756e-17  7.00000000e-01 -8.47962436e-17  7.00000000e-01]
243,377.2581763665891,LFP,"Graphite, Liebig2019","NMC, Birkl2015",[ 0.00000000e+00  7.00000000e-01 -3.98986399e-17  7.00000000e-01]
244,256.7734239200166,LFP,"Graphite, Liebig2019","NMC, Dufour2018",[ 0.00000000e+00  7.00000000e-01 -4.33680869e-17  7.00000000e-01]
245,440.0591213197353,LFP,"Graphite, Liebig2019","NMC, Ferraro2020",[-3.46944695e-18  7.00000000e-01 -1.08223224e-18  7.00000000e-01]
246,308.9286174491158,LFP,"Graphite, Liebig2019","NMC, Liebig2019",[ 8.32667268e-17  7.00000000e-01 -5.20417043e-17  7.00000000e-01]
247,648.6593526958249,LFP,"Graphite, Liebig2019","NMC, Smith2006",[-1.94289029e-16  7.00000000e-01 -1.99840144e-16  7.00000000e-01]
248,287.9731138621021,LFP,"Graphite, Liebig2019","NMC111, Ko2019",[ 2.77555756e-17  7.00000000e-01 -4.68375339e-17  7.00000000e-01]
249,235.5864530921175,LFP,"Graphite, Liebig2019","NMC111, Schmalstieg2018",[5.12934909e-02 7.00000000e-01 3.54467274e-04 7.00000000e-01]
250,122.96785993104909,LFP,"Graphite, Liebig2019","NMC111, Wu2012",[0.02859398 0.7        0.23727178 0.7       ]
251,461.4420554897445,LFP,"Graphite, Liebig2019","NMC523, Verma2017",[ 2.77555756e-17  7.00000000e-01 -5.72458747e-17  7.00000000e-01]
252,330.0865402947212,LFP,"Graphite, Liebig2019","NMC622, Chaouachi2021",[ 0.00000000e+00  7.00000000e-01 -6.41847686e-17  7.00000000e-01]
253,162.5552237196754,LFP,"Graphite, Liebig2019","NMC622, Gao2018",[0.19991651 0.7        0.01016138 0.7       ]
254,351.015318823626,LFP,"Graphite, Liebig2019","NMC811, Chen2020",[-7.51960724e-17  7.00000000e-01 -7.46491377e-17  7.00000000e-01]
255,246.02218515844427,LFP,"Graphite, Liebig2019","NMC811, Sturm2019",[0.02129221 0.7        0.00141072 0.7       ]
256,522.5466755053935,LFP,"Graphite, Schmalstieg2018","LCO, Doyle2003",[ 4.24634592e-03  7.00000000e-01 -3.21750671e-36  7.00000000e-01]
257,484.24741771113906,LFP,"Graphite, Schmalstieg2018","LCO, Jiang2016",[-1.22366611e-33  7.00000000e-01  1.56680673e-02  7.00000000e-01]
258,473.8017714475599,LFP,"Graphite, Schmalstieg2018","LCO, Kumaresan2008",[ 2.83198647e-03  7.00000000e-01 -1.58747822e-35  7.00000000e-01]
259,475.6232687785611,LFP,"Graphite, Schmalstieg2018","LCO, Tang2019",[-4.34222970e-17  7.00000000e-01 -4.06403146e-17  7.00000000e-01]
260,680.2164738367949,LFP,"Graphite, Schmalstieg2018","LFP, Delacourt2011",[ 3.95039062e-03  7.00000000e-01 -7.61904239e-29  7.00000000e-01]
261,680.2164738367949,LFP,"Graphite, Schmalstieg2018","LFP, Farkhondeh2014",[ 3.95039062e-03  7.00000000e-01 -7.61904239e-29  7.00000000e-01]
262,720.3825165331532,LFP,"Graphite, Schmalstieg2018","LFP, Kashkooli2016",[-2.77555756e-16  7.00000000e-01 -2.22044605e-16  7.00000000e-01]
263,24.741427507045298,LFP,"Graphite, Schmalstieg2018","LFP, Prada2012",[0.18748104 1.         0.04191579 0.93123483]
264,680.2164738367949,LFP,"Graphite, Schmalstieg2018","LFP, Thorat2011",[ 3.95039062e-03  7.00000000e-01 -7.61904239e-29  7.00000000e-01]
265,487.8509710124453,LFP,"Graphite, Schmalstieg2018","LMO, Albertus2009",[ 8.28548878e-03  7.00000000e-01 -4.75416714e-20  7.00000000e-01]
266,431.2554954716195,LFP,"Graphite, Schmalstieg2018","LMO, Das2004",[ 4.01726529e-03  7.00000000e-01 -1.35525272e-20  7.00000000e-01]
267,560.0513389763739,LFP,"Graphite, Schmalstieg2018","LMO, Doyle1996",[ 4.00473962e-03  7.00000000e-01 -8.31554256e-21  7.00000000e-01]
268,616.8685554039405,LFP,"Graphite, Schmalstieg2018","NCA, Abraham2008",[1.26484375e-03 7.00000000e-01 1.43320797e-21 7.00000000e-01]
269,269.0739702168771,LFP,"Graphite, Schmalstieg2018","NCA, Albertus2009",[4.17540648e-02 7.00000000e-01 1.20370622e-35 7.00000000e-01]
270,615.5301874399033,LFP,"Graphite, Schmalstieg2018","NCA, Dees2008",[-1.11022302e-16  7.00000000e-01 -1.14491749e-16  7.00000000e-01]
271,193.91883207086352,LFP,"Graphite, Schmalstieg2018","NCA, Hust2019",[ 4.23668576e-02  7.00000000e-01 -9.84126622e-20  7.00000000e-01]
272,687.2301537293833,LFP,"Graphite, Schmalstieg2018","NCA, Kim2011",[-2.77555756e-16  7.00000000e-01 -2.22044605e-16  7.00000000e-01]
273,428.43991277062594,LFP,"Graphite, Schmalstieg2018","NCO46, Ecker2015",[ 2.54264623e-03  7.00000000e-01 -2.28430654e-20  7.00000000e-01]
274,402.89331076791757,LFP,"Graphite, Schmalstieg2018","NMC, Birkl2015",[ 2.34140625e-03  7.00000000e-01 -4.93038066e-32  7.00000000e-01]
275,286.05120128914683,LFP,"Graphite, Schmalstieg2018","NMC, Dufour2018",[ 2.62968750e-03  7.00000000e-01 -2.64446435e-21  7.00000000e-01]
276,479.496874506881,LFP,"Graphite, Schmalstieg2018","NMC, Ferraro2020",[0.00423902 0.7        0.         0.7       ]
277,341.89926365372907,LFP,"Graphite, Schmalstieg2018","NMC, Liebig2019",[ 1.02008546e-03  7.00000000e-01 -5.08219768e-21  7.00000000e-01]
278,680.2164738367949,LFP,"Graphite, Schmalstieg2018","NMC, Smith2006",[ 3.95039062e-03  7.00000000e-01 -7.61904239e-29  7.00000000e-01]
279,324.18535153701026,LFP,"Graphite, Schmalstieg2018","NMC111, Ko2019",[ 5.88281250e-04  7.00000000e-01 -3.00926554e-36  7.00000000e-01]
280,249.73218163147763,LFP,"Graphite, Schmalstieg2018","NMC111, Schmalstieg2018",[ 1.01142738e-02  7.00000000e-01 -2.48685704e-36  7.00000000e-01]
281,136.98085154423669,LFP,"Graphite, Schmalstieg2018","NMC111, Wu2012",[0.00674524 0.7        0.21495731 0.7       ]
282,496.52840558795236,LFP,"Graphite, Schmalstieg2018","NMC523, Verma2017",[ 5.55111512e-17  7.00000000e-01 -5.55111512e-17  7.00000000e-01]
283,358.86341314117936,LFP,"Graphite, Schmalstieg2018","NMC622, Chaouachi2021",[ 2.05530040e-03  7.00000000e-01 -1.35525272e-20  7.00000000e-01]
284,174.89009372446117,LFP,"Graphite, Schmalstieg2018","NMC622, Gao2018",[0.16910425 0.7        0.00648504 0.7       ]
285,377.1421863297902,LFP,"Graphite, Schmalstieg2018","NMC811, Chen2020",[ 2.64140625e-03  7.00000000e-01 -9.98365273e-33  7.00000000e-01]
286,264.3121442778573,LFP,"Graphite, Schmalstieg2018","NMC811, Sturm2019",[ 9.37031250e-03  7.00000000e-01 -4.30440923e-36  7.00000000e-01]
287,462.8152483467596,LFP,"Graphite-Silicon, Chen2020","LCO, Doyle2003",[-1.09425824e-30  7.00000000e-01  5.84514376e-03  7.00000000e-01]
288,419.96955889636877,LFP,"Graphite-Silicon, Chen2020","LCO, Jiang2016",[-2.09807122e-35  7.00000000e-01  7.39329908e-03  7.00000000e-01]
289,434.50653456894463,LFP,"Graphite-Silicon, Chen2020","LCO, Kumaresan2008",[6.28675167e-03 7.00000000e-01 2.40741243e-35 7.00000000e-01]
290,412.03096709504723,LFP,"Graphite-Silicon, Chen2020","LCO, Tang2019",[-2.77555756e-17  7.00000000e-01 -4.85722573e-17  7.00000000e-01]
291,631.2219176459041,LFP,"Graphite-Silicon, Chen2020","LFP, Delacourt2011",[0.         0.7        0.00175312 0.7       ]
292,631.2219176459041,LFP,"Graphite-Silicon, Chen2020","LFP, Farkhondeh2014",[0.         0.7        0.00175312 0.7       ]
293,672.0032221702429,LFP,"Graphite-Silicon, Chen2020","LFP, Kashkooli2016",[-8.32667268e-17  7.00000000e-01 -7.20994445e-17  7.00000000e-01]
294,23.631373921603473,LFP,"Graphite-Silicon, Chen2020","LFP, Prada2012",[0.2        1.         0.04762071 1.        ]
295,43.40493148839695,LFP,"Graphite-Silicon, Chen2020","LFP, Srinivasan2004a",[0.06377693 1.         0.3        1.        ]
296,631.2219176459041,LFP,"Graphite-Silicon, Chen2020","LFP, Thorat2011",[0.         0.7        0.00175312 0.7       ]
297,447.2376523749823,LFP,"Graphite-Silicon, Chen2020","LMO, Albertus2009",[0.00149847 0.7        0.01633643 0.7       ]
298,402.8107096884499,LFP,"Graphite-Silicon, Chen2020","LMO, Das2004",[1.66804291e-02 7.00000000e-01 1.92592994e-34 7.00000000e-01]
299,503.36719813702126,LFP,"Graphite-Silicon, Chen2020","LMO, Doyle1996",[-8.76056799e-23  7.00000000e-01  4.68281250e-03  7.00000000e-01]
300,596.7106715920871,LFP,"Graphite-Silicon, Chen2020","NCA, Abraham2008",[ 1.68015625e-02  7.00000000e-01 -6.77626358e-21  7.00000000e-01]
301,248.82738047768905,LFP,"Graphite-Silicon, Chen2020","NCA, Albertus2009",[ 8.49558891e-02  7.00000000e-01 -6.96375053e-33  7.00000000e-01]
302,561.2638836669953,LFP,"Graphite-Silicon, Chen2020","NCA, Dees2008",[-4.16333634e-17  7.00000000e-01 -1.17961196e-16  7.00000000e-01]
303,176.850027852304,LFP,"Graphite-Silicon, Chen2020","NCA, Hust2019",[0.08749227 0.7        0.         0.7       ]
304,637.9293153786391,LFP,"Graphite-Silicon, Chen2020","NCA, Kim2011",[ 1.38777878e-17  7.00000000e-01 -1.20021180e-16  7.00000000e-01]
305,397.7517624693583,LFP,"Graphite-Silicon, Chen2020","NCO46, Ecker2015",[ 1.04383705e-02  7.00000000e-01 -8.67311226e-23  7.00000000e-01]
306,368.260070795846,LFP,"Graphite-Silicon, Chen2020","NMC, Birkl2015",[ 8.56869635e-03  7.00000000e-01 -2.45363475e-35  7.00000000e-01]
307,247.61398724726473,LFP,"Graphite-Silicon, Chen2020","NMC, Dufour2018",[ 1.04029113e-02  7.00000000e-01 -4.62320302e-20  7.00000000e-01]
308,415.9536668650117,LFP,"Graphite-Silicon, Chen2020","NMC, Ferraro2020",[0.         0.7        0.00756163 0.7       ]
309,293.5767081555717,LFP,"Graphite-Silicon, Chen2020","NMC, Liebig2019",[ 2.09726563e-03  7.00000000e-01 -1.78257422e-20  7.00000000e-01]
310,631.2219176459041,LFP,"Graphite-Silicon, Chen2020","NMC, Smith2006",[0.         0.7        0.00175312 0.7       ]
311,268.209362687687,LFP,"Graphite-Silicon, Chen2020","NMC111, Ko2019",[ 5.55111512e-17  7.00000000e-01 -6.41847686e-17  7.00000000e-01]
312,232.86795575316407,LFP,"Graphite-Silicon, Chen2020","NMC111, Schmalstieg2018",[ 1.12553725e-01  7.00000000e-01 -9.06576979e-20  7.00000000e-01]
313,123.72753521474247,LFP,"Graphite-Silicon, Chen2020","NMC111, Wu2012",[0.02696737 0.7        0.29511238 0.7       ]
314,434.7339149419637,LFP,"Graphite-Silicon, Chen2020","NMC523, Verma2017",[ 2.77555756e-17  7.00000000e-01 -2.08166817e-17  7.00000000e-01]
315,319.619784165108,LFP,"Graphite-Silicon, Chen2020","NMC622, Chaouachi2021",[ 6.47143073e-03  7.00000000e-01 -2.28790707e-20  7.00000000e-01]
316,159.35596222046715,LFP,"Graphite-Silicon, Chen2020","NMC622, Gao2018",[0.2        0.7        0.01534001 0.7       ]
317,343.0884579598048,LFP,"Graphite-Silicon, Chen2020","NMC811, Chen2020",[9.60500160e-03 7.00000000e-01 2.40741243e-35 7.00000000e-01]
318,240.52731359586724,LFP,"Graphite-Silicon, Chen2020","NMC811, Sturm2019",[0.05185608 0.7        0.00225787 0.7       ]
319,522.677881748715,LFP,"Graphite-Silicon, Sturm2019","LCO, Doyle2003",[0.00080461 0.7        0.01833239 0.7       ]
320,480.4535633642537,LFP,"Graphite-Silicon, Sturm2019","LCO, Jiang2016",[0.00083853 0.7        0.0222573  0.7       ]
321,479.5387977093876,LFP,"Graphite-Silicon, Sturm2019","LCO, Kumaresan2008",[ 2.24140625e-03  7.00000000e-01 -3.92554814e-20  7.00000000e-01]
322,471.31775723394225,LFP,"Graphite-Silicon, Sturm2019","LCO, Tang2019",[7.73046912e-04 7.00000000e-01 1.75787570e-04 7.00000000e-01]
323,684.0082326194887,LFP,"Graphite-Silicon, Sturm2019","LFP, Delacourt2011",[0.00260483 0.7        0.         0.7       ]
324,684.0082326194887,LFP,"Graphite-Silicon, Sturm2019","LFP, Farkhondeh2014",[0.00260483 0.7        0.         0.7       ]
325,725.3719783348063,LFP,"Graphite-Silicon, Sturm2019","LFP, Kashkooli2016",[ 7.88281250e-04  7.00000000e-01 -5.89283759e-22  7.00000000e-01]
326,30.650271002804093,LFP,"Graphite-Silicon, Sturm2019","LFP, Prada2012",[0.00381342 0.76641664 0.29783135 0.9369433 ]
327,25.24629749579055,LFP,"Graphite-Silicon, Sturm2019","LFP, Srinivasan2004a",[0.00512732 0.97981567 0.3        1.        ]
328,684.0082326194887,LFP,"Graphite-Silicon, Sturm2019","LFP, Thorat2011",[0.00260483 0.7        0.         0.7       ]
329,494.08548563352895,LFP,"Graphite-Silicon, Sturm2019","LMO, Albertus2009",[0.00483075 0.7        0.         0.7       ]
330,440.5576425239236,LFP,"Graphite-Silicon, Sturm2019","LMO, Das2004",[ 3.25276792e-03  7.00000000e-01 -4.43830556e-35  7.00000000e-01]
331,559.4529421706744,LFP,"Graphite-Silicon, Sturm2019","LMO, Doyle1996",[2.67604932e-03 7.00000000e-01 4.44683211e-22 7.00000000e-01]
332,628.3326130341171,LFP,"Graphite-Silicon, Sturm2019","NCA, Abraham2008",[ 1.80898437e-03  7.00000000e-01 -8.48951786e-17  7.00000000e-01]
333,283.49969077368354,LFP,"Graphite-Silicon, Sturm2019","NCA, Albertus2009",[0.01951563 0.7        0.         0.7       ]
334,617.049445155968,LFP,"Graphite-Silicon, Sturm2019","NCA, Dees2008",[6.20912336e-04 7.00000000e-01 0.00000000e+00 7.00000000e-01]
335,207.19487306657567,LFP,"Graphite-Silicon, Sturm2019","NCA, Hust2019",[ 1.37385319e-02  7.00000000e-01 -2.67774410e-20  7.00000000e-01]
336,691.8176927046464,LFP,"Graphite-Silicon, Sturm2019","NCA, Kim2011",[9.32421875e-04 7.00000000e-01 1.36845553e-48 7.00000000e-01]
337,436.10043396341547,LFP,"Graphite-Silicon, Sturm2019","NCO46, Ecker2015",[2.39726562e-03 7.00000000e-01 1.20370622e-35 7.00000000e-01]
338,408.34290758225313,LFP,"Graphite-Silicon, Sturm2019","NMC, Birkl2015",[2.28041445e-03 7.00000000e-01 2.82118644e-37 7.00000000e-01]
339,288.712608355892,LFP,"Graphite-Silicon, Sturm2019","NMC, Dufour2018",[ 2.17703428e-03  7.00000000e-01 -9.43234132e-20  7.00000000e-01]
340,476.46601102926184,LFP,"Graphite-Silicon, Sturm2019","NMC, Ferraro2020",[6.79696985e-04 7.00000000e-01 2.34030425e-02 7.00000000e-01]
341,341.946645556537,LFP,"Graphite-Silicon, Sturm2019","NMC, Liebig2019",[ 1.46484375e-03  7.00000000e-01 -6.89905264e-22  7.00000000e-01]
342,684.0082326194887,LFP,"Graphite-Silicon, Sturm2019","NMC, Smith2006",[0.00260483 0.7        0.         0.7       ]
343,320.48707440768766,LFP,"Graphite-Silicon, Sturm2019","NMC111, Ko2019",[ 1.26484375e-03  7.00000000e-01 -1.34786905e-20  7.00000000e-01]
344,265.4685283681354,LFP,"Graphite-Silicon, Sturm2019","NMC111, Schmalstieg2018",[ 3.33061142e-02  7.00000000e-01 -5.75574009e-27  7.00000000e-01]
345,151.69622687094468,LFP,"Graphite-Silicon, Sturm2019","NMC111, Wu2012",[0.01239759 0.7        0.23858233 0.7       ]
346,493.54707605315303,LFP,"Graphite-Silicon, Sturm2019","NMC523, Verma2017",[6.765625e-04 7.000000e-01 0.000000e+00 7.000000e-01]
347,362.6758917594292,LFP,"Graphite-Silicon, Sturm2019","NMC622, Chaouachi2021",[ 2.05312500e-03  7.00000000e-01 -1.11049408e-16  7.00000000e-01]
348,190.58313866814527,LFP,"Graphite-Silicon, Sturm2019","NMC622, Gao2018",[0.03780549 0.7        0.02767963 0.7       ]
349,383.49811935313414,LFP,"Graphite-Silicon, Sturm2019","NMC811, Chen2020",[0.00209727 0.7        0.         0.7       ]
350,276.8040418156314,LFP,"Graphite-Silicon, Sturm2019","NMC811, Sturm2019",[0.01545747 0.7        0.         0.7       ]
351,224.80606188584846,LFP,"Silicon, Chandrasekaran2011","LCO, Doyle2003",[0.05976303 0.7        0.0087791  0.7       ]
352,178.65490566237148,LFP,"Silicon, Chandrasekaran2011","LCO, Jiang2016",[0.05976334 0.7        0.00995742 0.7       ]
353,204.72182556787465,LFP,"Silicon, Chandrasekaran2011","LCO, Kumaresan2008",[0.07378359 0.7        0.05127369 0.7       ]
354,170.98344162123175,LFP,"Silicon, Chandrasekaran2011","LCO, Tang2019",[0.05850718 0.7        0.         0.7       ]
355,410.69572682681087,LFP,"Silicon, Chandrasekaran2011","LFP, Delacourt2011",[0.06528026 0.7        0.00398111 0.7       ]
356,410.69572682681087,LFP,"Silicon, Chandrasekaran2011","LFP, Farkhondeh2014",[0.06528026 0.7        0.00398111 0.7       ]
357,452.4048628327385,LFP,"Silicon, Chandrasekaran2011","LFP, Kashkooli2016",[ 5.52246094e-02  7.00000000e-01 -1.52819388e-33  7.00000000e-01]
358,234.90357043187745,LFP,"Silicon, Chandrasekaran2011","LFP, Prada2012",[0.2        1.         0.10527331 1.        ]
359,233.08068970318965,LFP,"Silicon, Chandrasekaran2011","LFP, Srinivasan2004a",[0.2       1.        0.3       0.8151146]
360,410.69572682681087,LFP,"Silicon, Chandrasekaran2011","LFP, Thorat2011",[0.06528026 0.7        0.00398111 0.7       ]
361,213.6197162564314,LFP,"Silicon, Chandrasekaran2011","LMO, Albertus2009",[0.08149148 0.7        0.02123004 0.7       ]
362,190.64002452230082,LFP,"Silicon, Chandrasekaran2011","LMO, Das2004",[2.e-01 7.e-01 2.e-04 7.e-01]
363,269.48462752623743,LFP,"Silicon, Chandrasekaran2011","LMO, Doyle1996",[0.06016533 0.7        0.00768979 0.7       ]
364,393.3361916326711,LFP,"Silicon, Chandrasekaran2011","NCA, Abraham2008",[2.00000000e-01 7.00000000e-01 1.73472348e-18 7.00000000e-01]
365,85.77660298613976,LFP,"Silicon, Chandrasekaran2011","NCA, Albertus2009",[0.2        0.7        0.17068952 0.7       ]
366,330.40977594152724,LFP,"Silicon, Chandrasekaran2011","NCA, Dees2008",[ 5.49402940e-02  7.00000000e-01 -1.20359689e-32  7.00000000e-01]
367,71.41368588891439,LFP,"Silicon, Chandrasekaran2011","NCA, Hust2019",[0.2        0.75160303 0.3        0.70497501]
368,417.4391850914541,LFP,"Silicon, Chandrasekaran2011","NCA, Kim2011",[ 5.73777344e-02  7.00000000e-01 -8.47032947e-22  7.00000000e-01]
369,191.0948391871634,LFP,"Silicon, Chandrasekaran2011","NCO46, Ecker2015",[2.00000000e-01 7.00000000e-01 1.73472348e-18 7.00000000e-01]
370,158.10473559746922,LFP,"Silicon, Chandrasekaran2011","NMC, Birkl2015",[ 2.00000000e-01  7.00000000e-01 -5.37764278e-17  7.00000000e-01]
371,63.62067729580194,LFP,"Silicon, Chandrasekaran2011","NMC, Dufour2018",[0.2        0.71835469 0.         0.7       ]
372,174.4845711603579,LFP,"Silicon, Chandrasekaran2011","NMC, Ferraro2020",[0.05994887 0.7        0.01004932 0.7       ]
373,88.2731066314023,LFP,"Silicon, Chandrasekaran2011","NMC, Liebig2019",[ 1.05528623e-01  7.07832942e-01 -1.85182537e-20  7.00000000e-01]
374,410.69572682681087,LFP,"Silicon, Chandrasekaran2011","NMC, Smith2006",[0.06528026 0.7        0.00398111 0.7       ]
375,61.81203212626979,LFP,"Silicon, Chandrasekaran2011","NMC111, Ko2019",[ 1.00110672e-01  7.24419969e-01 -5.75871591e-20  7.00000000e-01]
376,49.272204053470396,LFP,"Silicon, Chandrasekaran2011","NMC111, Schmalstieg2018",[0.2        0.73805682 0.10690497 0.7       ]
377,87.81339604966404,LFP,"Silicon, Chandrasekaran2011","NMC111, Wu2012",[0.2        0.78929104 0.3        0.96512906]
378,194.7481288659168,LFP,"Silicon, Chandrasekaran2011","NMC523, Verma2017",[ 5.83272165e-02  7.00000000e-01 -3.93250821e-34  7.00000000e-01]
379,120.7056600212613,LFP,"Silicon, Chandrasekaran2011","NMC622, Chaouachi2021",[ 1.94728906e-01  7.00000000e-01 -2.13986938e-32  7.00000000e-01]
380,68.47941786525914,LFP,"Silicon, Chandrasekaran2011","NMC622, Gao2018",[0.2        0.75533738 0.3        0.79196413]
381,150.86188711470118,LFP,"Silicon, Chandrasekaran2011","NMC811, Chen2020",[ 2.00000000e-01  7.00000000e-01 -5.72458747e-17  7.00000000e-01]
382,92.8098616877777,LFP,"Silicon, Chandrasekaran2011","NMC811, Sturm2019",[0.2        0.72541555 0.01225592 0.7       ]
383,173.7433495329509,LFP,"Silicon, Li2012_Si","LCO, Doyle2003",[0.17994741 0.7        0.00230251 0.7       ]
384,120.21455823358104,LFP,"Silicon, Li2012_Si","LCO, Jiang2016",[0.18858892 0.7        0.00218097 0.7       ]
385,151.23315982803922,LFP,"Silicon, Li2012_Si","LCO, Kumaresan2008",[0.18737675 0.7        0.05845989 0.7       ]
386,117.97463209612764,LFP,"Silicon, Li2012_Si","LCO, Tang2019",[ 1.58878411e-01  7.00000000e-01 -1.21694463e-36  7.00000000e-01]
387,372.4148383146902,LFP,"Silicon, Li2012_Si","LFP, Delacourt2011",[0.16828065 0.7        0.00087872 0.7       ]
388,372.4148383146902,LFP,"Silicon, Li2012_Si","LFP, Farkhondeh2014",[0.16828065 0.7        0.00087872 0.7       ]
389,415.6224004025078,LFP,"Silicon, Li2012_Si","LFP, Kashkooli2016",[ 1.31640625e-01  7.00000000e-01 -3.38813179e-21  7.00000000e-01]
390,327.8411312514036,LFP,"Silicon, Li2012_Si","LFP, Prada2012",[0.2 1.  0.3 1. ]
391,329.45158423304855,LFP,"Silicon, Li2012_Si","LFP, Srinivasan2004a",[0.2 1.  0.3 1. ]
392,372.4148383146902,LFP,"Silicon, Li2012_Si","LFP, Thorat2011",[0.16828065 0.7        0.00087872 0.7       ]
393,157.62181951457055,LFP,"Silicon, Li2012_Si","LMO, Albertus2009",[0.2        0.7        0.02691778 0.7       ]
394,174.65817388162537,LFP,"Silicon, Li2012_Si","LMO, Das2004",[0.2        0.7        0.17265859 0.7       ]
395,222.8101028422001,LFP,"Silicon, Li2012_Si","LMO, Doyle1996",[0.1774654 0.7       0.0018024 0.7      ]
396,351.17294773279474,LFP,"Silicon, Li2012_Si","NCA, Abraham2008",[0.14047764 0.7        0.14558519 0.7       ]
397,142.0521035851029,LFP,"Silicon, Li2012_Si","NCA, Albertus2009",[0.2        0.71396016 0.3        0.7       ]
398,287.03889369254904,LFP,"Silicon, Li2012_Si","NCA, Dees2008",[1.35247093e-01 7.00000000e-01 3.67341985e-40 7.00000000e-01]
399,178.6189943059041,LFP,"Silicon, Li2012_Si","NCA, Hust2019",[0.2        0.96116983 0.3        0.7       ]
400,381.36926420139633,LFP,"Silicon, Li2012_Si","NCA, Kim2011",[1.38088281e-01 7.00000000e-01 7.68546910e-26 7.00000000e-01]
401,171.36591213747218,LFP,"Silicon, Li2012_Si","NCO46, Ecker2015",[0.2        0.7        0.21576444 0.7       ]
402,126.29200902259649,LFP,"Silicon, Li2012_Si","NMC, Birkl2015",[0.17757697 0.7        0.26117098 0.7       ]
403,115.23402554841715,LFP,"Silicon, Li2012_Si","NMC, Dufour2018",[0.2        0.75120889 0.3        0.7       ]
404,115.08334678161947,LFP,"Silicon, Li2012_Si","NMC, Ferraro2020",[0.1904947 0.7       0.0021738 0.7      ]
405,112.43450507252633,LFP,"Silicon, Li2012_Si","NMC, Liebig2019",[0.2 0.7 0.3 0.7]
406,372.4148383146902,LFP,"Silicon, Li2012_Si","NMC, Smith2006",[0.16828065 0.7        0.00087872 0.7       ]
407,99.44886642724265,LFP,"Silicon, Li2012_Si","NMC111, Ko2019",[0.2        0.73769766 0.3        0.7       ]
408,117.76922153643905,LFP,"Silicon, Li2012_Si","NMC111, Schmalstieg2018",[0.2        0.84428233 0.3        0.7       ]
409,196.20788379335036,LFP,"Silicon, Li2012_Si","NMC111, Wu2012",[0.2        0.99324663 0.3        0.92898007]
410,145.04665226511278,LFP,"Silicon, Li2012_Si","NMC523, Verma2017",[ 1.55710547e-01  7.00000000e-01 -3.79954729e-23  7.00000000e-01]
411,133.82308899520683,LFP,"Silicon, Li2012_Si","NMC622, Chaouachi2021",[0.2 0.7 0.3 0.7]
412,173.5562502761862,LFP,"Silicon, Li2012_Si","NMC622, Gao2018",[0.2        0.97281479 0.3        0.75077864]
413,173.3347344201034,LFP,"Silicon, Li2012_Si","NMC811, Chen2020",[0.2 0.7 0.3 0.7]
414,142.17794253625192,LFP,"Silicon, Li2012_Si","NMC811, Sturm2019",[0.2        0.72134023 0.3        0.7       ]
